<?xml version="1.0" encoding="UTF-8"?>
<GenRun Id="impl_1" LaunchPart="xc7a35tcpg236-1" LaunchTime="1714907083">
  <File Type="BITSTR-BMM" Name="Featured_Nano_Processor_with_7Seg_bd.bmm"/>
  <File Type="OPT-METHODOLOGY-DRC" Name="Featured_Nano_Processor_with_7Seg_methodology_drc_opted.rpt"/>
  <File Type="INIT-TIMING" Name="Featured_Nano_Processor_with_7Seg_timing_summary_init.rpt"/>
  <File Type="ROUTE-PWR" Name="Featured_Nano_Processor_with_7Seg_power_routed.rpt"/>
  <File Type="PA-TCL" Name="Featured_Nano_Processor_with_7Seg.tcl"/>
  <File Type="OPT-TIMING" Name="Featured_Nano_Processor_with_7Seg_timing_summary_opted.rpt"/>
  <File Type="OPT-DCP" Name="Featured_Nano_Processor_with_7Seg_opt.dcp"/>
  <File Type="ROUTE-PWR-SUM" Name="Featured_Nano_Processor_with_7Seg_power_summary_routed.pb"/>
  <File Type="REPORTS-TCL" Name="Featured_Nano_Processor_with_7Seg_reports.tcl"/>
  <File Type="OPT-DRC" Name="Featured_Nano_Processor_with_7Seg_drc_opted.rpt"/>
  <File Type="OPT-HWDEF" Name="Featured_Nano_Processor_with_7Seg.hwdef"/>
  <File Type="PWROPT-DCP" Name="Featured_Nano_Processor_with_7Seg_pwropt.dcp"/>
  <File Type="PWROPT-DRC" Name="Featured_Nano_Processor_with_7Seg_drc_pwropted.rpt"/>
  <File Type="PWROPT-TIMING" Name="Featured_Nano_Processor_with_7Seg_timing_summary_pwropted.rpt"/>
  <File Type="PLACE-DCP" Name="Featured_Nano_Processor_with_7Seg_placed.dcp"/>
  <File Type="PLACE-IO" Name="Featured_Nano_Processor_with_7Seg_io_placed.rpt"/>
  <File Type="PLACE-CLK" Name="Featured_Nano_Processor_with_7Seg_clock_utilization_placed.rpt"/>
  <File Type="PLACE-UTIL" Name="Featured_Nano_Processor_with_7Seg_utilization_placed.rpt"/>
  <File Type="PLACE-UTIL-PB" Name="Featured_Nano_Processor_with_7Seg_utilization_placed.pb"/>
  <File Type="PLACE-CTRL" Name="Featured_Nano_Processor_with_7Seg_control_sets_placed.rpt"/>
  <File Type="PLACE-SIMILARITY" Name="Featured_Nano_Processor_with_7Seg_incremental_reuse_placed.rpt"/>
  <File Type="PLACE-PRE-SIMILARITY" Name="Featured_Nano_Processor_with_7Seg_incremental_reuse_pre_placed.rpt"/>
  <File Type="BG-BGN" Name="Featured_Nano_Processor_with_7Seg.bgn"/>
  <File Type="PLACE-TIMING" Name="Featured_Nano_Processor_with_7Seg_timing_summary_placed.rpt"/>
  <File Type="POSTPLACE-PWROPT-DCP" Name="Featured_Nano_Processor_with_7Seg_postplace_pwropt.dcp"/>
  <File Type="BG-BIN" Name="Featured_Nano_Processor_with_7Seg.bin"/>
  <File Type="POSTPLACE-PWROPT-TIMING" Name="Featured_Nano_Processor_with_7Seg_timing_summary_postplace_pwropted.rpt"/>
  <File Type="PHYSOPT-DCP" Name="Featured_Nano_Processor_with_7Seg_physopt.dcp"/>
  <File Type="PHYSOPT-DRC" Name="Featured_Nano_Processor_with_7Seg_drc_physopted.rpt"/>
  <File Type="BITSTR-MSK" Name="Featured_Nano_Processor_with_7Seg.msk"/>
  <File Type="PHYSOPT-TIMING" Name="Featured_Nano_Processor_with_7Seg_timing_summary_physopted.rpt"/>
  <File Type="ROUTE-ERROR-DCP" Name="Featured_Nano_Processor_with_7Seg_routed_error.dcp"/>
  <File Type="ROUTE-DCP" Name="Featured_Nano_Processor_with_7Seg_routed.dcp"/>
  <File Type="ROUTE-BLACKBOX-DCP" Name="Featured_Nano_Processor_with_7Seg_routed_bb.dcp"/>
  <File Type="ROUTE-DRC" Name="Featured_Nano_Processor_with_7Seg_drc_routed.rpt"/>
  <File Type="ROUTE-DRC-PB" Name="Featured_Nano_Processor_with_7Seg_drc_routed.pb"/>
  <File Type="BITSTR-LTX" Name="debug_nets.ltx"/>
  <File Type="BITSTR-LTX" Name="Featured_Nano_Processor_with_7Seg.ltx"/>
  <File Type="ROUTE-DRC-RPX" Name="Featured_Nano_Processor_with_7Seg_drc_routed.rpx"/>
  <File Type="BITSTR-MMI" Name="Featured_Nano_Processor_with_7Seg.mmi"/>
  <File Type="ROUTE-METHODOLOGY-DRC" Name="Featured_Nano_Processor_with_7Seg_methodology_drc_routed.rpt"/>
  <File Type="ROUTE-METHODOLOGY-DRC-RPX" Name="Featured_Nano_Processor_with_7Seg_methodology_drc_routed.rpx"/>
  <File Type="BITSTR-SYSDEF" Name="Featured_Nano_Processor_with_7Seg.sysdef"/>
  <File Type="ROUTE-METHODOLOGY-DRC-PB" Name="Featured_Nano_Processor_with_7Seg_methodology_drc_routed.pb"/>
  <File Type="ROUTE-PWR-RPX" Name="Featured_Nano_Processor_with_7Seg_power_routed.rpx"/>
  <File Type="ROUTE-STATUS" Name="Featured_Nano_Processor_with_7Seg_route_status.rpt"/>
  <File Type="ROUTE-STATUS-PB" Name="Featured_Nano_Processor_with_7Seg_route_status.pb"/>
  <File Type="ROUTE-TIMINGSUMMARY" Name="Featured_Nano_Processor_with_7Seg_timing_summary_routed.rpt"/>
  <File Type="ROUTE-TIMING-PB" Name="Featured_Nano_Processor_with_7Seg_timing_summary_routed.pb"/>
  <File Type="ROUTE-TIMING-RPX" Name="Featured_Nano_Processor_with_7Seg_timing_summary_routed.rpx"/>
  <File Type="ROUTE-SIMILARITY" Name="Featured_Nano_Processor_with_7Seg_incremental_reuse_routed.rpt"/>
  <File Type="ROUTE-CLK" Name="Featured_Nano_Processor_with_7Seg_clock_utilization_routed.rpt"/>
  <File Type="ROUTE-BUS-SKEW" Name="Featured_Nano_Processor_with_7Seg_bus_skew_routed.rpt"/>
  <File Type="ROUTE-BUS-SKEW-PB" Name="Featured_Nano_Processor_with_7Seg_bus_skew_routed.pb"/>
  <File Type="ROUTE-BUS-SKEW-RPX" Name="Featured_Nano_Processor_with_7Seg_bus_skew_routed.rpx"/>
  <File Type="POSTROUTE-PHYSOPT-DCP" Name="Featured_Nano_Processor_with_7Seg_postroute_physopt.dcp"/>
  <File Type="POSTROUTE-PHYSOPT-BLACKBOX-DCP" Name="Featured_Nano_Processor_with_7Seg_postroute_physopt_bb.dcp"/>
  <File Type="POSTROUTE-PHYSOPT-TIMING" Name="Featured_Nano_Processor_with_7Seg_timing_summary_postroute_physopted.rpt"/>
  <File Type="POSTROUTE-PHYSOPT-TIMING-PB" Name="Featured_Nano_Processor_with_7Seg_timing_summary_postroute_physopted.pb"/>
  <File Type="POSTROUTE-PHYSOPT-TIMING-RPX" Name="Featured_Nano_Processor_with_7Seg_timing_summary_postroute_physopted.rpx"/>
  <File Type="POSTROUTE-PHYSOPT-BUS-SKEW" Name="Featured_Nano_Processor_with_7Seg_bus_skew_postroute_physopted.rpt"/>
  <File Type="POSTROUTE-PHYSOPT-BUS-SKEW-PB" Name="Featured_Nano_Processor_with_7Seg_bus_skew_postroute_physopted.pb"/>
  <File Type="BG-BIT" Name="Featured_Nano_Processor_with_7Seg.bit"/>
  <File Type="POSTROUTE-PHYSOPT-BUS-SKEW-RPX" Name="Featured_Nano_Processor_with_7Seg_bus_skew_postroute_physopted.rpx"/>
  <File Type="BITSTR-RBT" Name="Featured_Nano_Processor_with_7Seg.rbt"/>
  <File Type="BITSTR-NKY" Name="Featured_Nano_Processor_with_7Seg.nky"/>
  <File Type="BG-DRC" Name="Featured_Nano_Processor_with_7Seg.drc"/>
  <File Type="RDI-RDI" Name="Featured_Nano_Processor_with_7Seg.vdi"/>
  <File Type="WBT-USG" Name="usage_statistics_webtalk.html"/>
  <FileSet Name="sources" Type="DesignSrcs" RelSrcDir="$PSRCDIR/sources_1">
    <Filter Type="Srcs"/>
    <File Path="$PSRCDIR/sources_1/new/Add_Sub_4bit.vhd">
      <FileInfo>
        <Attr Name="UsedIn" Val="synthesis"/>
        <Attr Name="UsedIn" Val="simulation"/>
      </FileInfo>
    </File>
    <File Path="$PSRCDIR/sources_1/new/Add_Sub_Mul_Unit.vhd">
      <FileInfo>
        <Attr Name="UsedIn" Val="synthesis"/>
        <Attr Name="UsedIn" Val="simulation"/>
      </FileInfo>
    </File>
    <File Path="$PSRCDIR/sources_1/new/Decoder_3_to_8.vhd">
      <FileInfo>
        <Attr Name="UsedIn" Val="synthesis"/>
        <Attr Name="UsedIn" Val="simulation"/>
      </FileInfo>
    </File>
    <File Path="$PSRCDIR/sources_1/new/FA.vhd">
      <FileInfo>
        <Attr Name="UsedIn" Val="synthesis"/>
        <Attr Name="UsedIn" Val="simulation"/>
      </FileInfo>
    </File>
    <File Path="$PSRCDIR/sources_1/new/Featured_Nano_processor.vhd">
      <FileInfo>
        <Attr Name="UsedIn" Val="synthesis"/>
        <Attr Name="UsedIn" Val="simulation"/>
      </FileInfo>
    </File>
    <File Path="$PSRCDIR/sources_1/new/HA.vhd">
      <FileInfo>
        <Attr Name="UsedIn" Val="synthesis"/>
        <Attr Name="UsedIn" Val="simulation"/>
      </FileInfo>
    </File>
    <File Path="$PSRCDIR/sources_1/new/Instruction_Decoder.vhd">
      <FileInfo>
        <Attr Name="UsedIn" Val="synthesis"/>
        <Attr Name="UsedIn" Val="simulation"/>
      </FileInfo>
    </File>
    <File Path="$PSRCDIR/sources_1/new/LUT_16_7.vhd">
      <FileInfo>
        <Attr Name="UsedIn" Val="synthesis"/>
        <Attr Name="UsedIn" Val="simulation"/>
      </FileInfo>
    </File>
    <File Path="$PSRCDIR/sources_1/new/MUX_2_to_1_3.vhd">
      <FileInfo>
        <Attr Name="UsedIn" Val="synthesis"/>
        <Attr Name="UsedIn" Val="simulation"/>
      </FileInfo>
    </File>
    <File Path="$PSRCDIR/sources_1/new/MUX_2_to_1_4.vhd">
      <FileInfo>
        <Attr Name="UsedIn" Val="synthesis"/>
        <Attr Name="UsedIn" Val="simulation"/>
      </FileInfo>
    </File>
    <File Path="$PSRCDIR/sources_1/new/MUX_8_to_1.vhd">
      <FileInfo>
        <Attr Name="UsedIn" Val="synthesis"/>
        <Attr Name="UsedIn" Val="simulation"/>
      </FileInfo>
    </File>
    <File Path="$PSRCDIR/sources_1/new/MUX_8_to_1_4.vhd">
      <FileInfo>
        <Attr Name="UsedIn" Val="synthesis"/>
        <Attr Name="UsedIn" Val="simulation"/>
      </FileInfo>
    </File>
    <File Path="$PSRCDIR/sources_1/new/Multiplier_2bit.vhd">
      <FileInfo>
        <Attr Name="UsedIn" Val="synthesis"/>
        <Attr Name="UsedIn" Val="simulation"/>
      </FileInfo>
    </File>
    <File Path="$PSRCDIR/sources_1/new/Out_controll_7seg_final.vhd">
      <FileInfo>
        <Attr Name="UsedIn" Val="synthesis"/>
        <Attr Name="UsedIn" Val="simulation"/>
      </FileInfo>
    </File>
    <File Path="$PSRCDIR/sources_1/new/Program_Counter.vhd">
      <FileInfo>
        <Attr Name="UsedIn" Val="synthesis"/>
        <Attr Name="UsedIn" Val="simulation"/>
      </FileInfo>
    </File>
    <File Path="$PSRCDIR/sources_1/new/RCA_3.vhd">
      <FileInfo>
        <Attr Name="UsedIn" Val="synthesis"/>
        <Attr Name="UsedIn" Val="simulation"/>
      </FileInfo>
    </File>
    <File Path="$PSRCDIR/sources_1/new/ROM_2.vhd">
      <FileInfo>
        <Attr Name="UsedIn" Val="synthesis"/>
        <Attr Name="UsedIn" Val="simulation"/>
      </FileInfo>
    </File>
    <File Path="$PSRCDIR/sources_1/new/RegisterBank.vhd">
      <FileInfo>
        <Attr Name="UsedIn" Val="synthesis"/>
        <Attr Name="UsedIn" Val="simulation"/>
      </FileInfo>
    </File>
    <File Path="$PSRCDIR/sources_1/new/Register_4bit.vhd">
      <FileInfo>
        <Attr Name="UsedIn" Val="synthesis"/>
        <Attr Name="UsedIn" Val="simulation"/>
      </FileInfo>
    </File>
    <File Path="$PSRCDIR/sources_1/new/ResetController.vhd">
      <FileInfo>
        <Attr Name="UsedIn" Val="synthesis"/>
        <Attr Name="UsedIn" Val="simulation"/>
      </FileInfo>
    </File>
    <File Path="$PSRCDIR/sources_1/new/SlowClk_7seg.vhd">
      <FileInfo>
        <Attr Name="UsedIn" Val="synthesis"/>
        <Attr Name="UsedIn" Val="simulation"/>
      </FileInfo>
    </File>
    <File Path="$PSRCDIR/sources_1/new/Slow_Clk.vhd">
      <FileInfo>
        <Attr Name="UsedIn" Val="synthesis"/>
        <Attr Name="UsedIn" Val="simulation"/>
      </FileInfo>
    </File>
    <File Path="$PSRCDIR/sources_1/new/featured_nano_with_7_seg.vhd">
      <FileInfo>
        <Attr Name="UsedIn" Val="synthesis"/>
        <Attr Name="UsedIn" Val="simulation"/>
      </FileInfo>
    </File>
    <File Path="$PSRCDIR/sources_1/new/Nano_Processor.vhd">
      <FileInfo>
        <Attr Name="AutoDisabled" Val="1"/>
        <Attr Name="UsedIn" Val="synthesis"/>
        <Attr Name="UsedIn" Val="simulation"/>
      </FileInfo>
    </File>
    <File Path="$PSRCDIR/sources_1/new/ProgramROM.vhd">
      <FileInfo>
        <Attr Name="AutoDisabled" Val="1"/>
        <Attr Name="UsedIn" Val="synthesis"/>
        <Attr Name="UsedIn" Val="simulation"/>
      </FileInfo>
    </File>
    <File Path="$PSRCDIR/sources_1/new/Nano_Processor_with_7SegOut_final.vhd">
      <FileInfo>
        <Attr Name="AutoDisabled" Val="1"/>
        <Attr Name="UsedIn" Val="synthesis"/>
        <Attr Name="UsedIn" Val="simulation"/>
      </FileInfo>
    </File>
    <File Path="$PSRCDIR/sources_1/new/Mux_2_to_1_4bit.vhd">
      <FileInfo>
        <Attr Name="AutoDisabled" Val="1"/>
        <Attr Name="UsedIn" Val="synthesis"/>
        <Attr Name="UsedIn" Val="simulation"/>
      </FileInfo>
    </File>
    <File Path="$PSRCDIR/sources_1/new/encoder_4_to_2.vhd">
      <FileInfo>
        <Attr Name="AutoDisabled" Val="1"/>
        <Attr Name="UsedIn" Val="synthesis"/>
        <Attr Name="UsedIn" Val="simulation"/>
      </FileInfo>
    </File>
    <File Path="$PSRCDIR/sources_1/new/encoder_8_to_3.vhd">
      <FileInfo>
        <Attr Name="AutoDisabled" Val="1"/>
        <Attr Name="UsedIn" Val="synthesis"/>
        <Attr Name="UsedIn" Val="simulation"/>
      </FileInfo>
    </File>
    <File Path="$PSRCDIR/sources_1/new/encoder_16_to_4.vhd">
      <FileInfo>
        <Attr Name="AutoDisabled" Val="1"/>
        <Attr Name="UsedIn" Val="synthesis"/>
        <Attr Name="UsedIn" Val="simulation"/>
      </FileInfo>
    </File>
    <File Path="$PSRCDIR/sources_1/new/MUX_2_to_1_12.vhd">
      <FileInfo>
        <Attr Name="AutoDisabled" Val="1"/>
        <Attr Name="UsedIn" Val="synthesis"/>
        <Attr Name="UsedIn" Val="simulation"/>
      </FileInfo>
    </File>
    <Config>
      <Option Name="DesignMode" Val="RTL"/>
      <Option Name="TopModule" Val="Featured_Nano_Processor_with_7Seg"/>
    </Config>
  </FileSet>
  <FileSet Name="constrs_in" Type="Constrs" RelSrcDir="$PSRCDIR/constrs_1">
    <Filter Type="Constrs"/>
    <File Path="$PSRCDIR/constrs_1/new/NanoProcessorBasys3.xdc">
      <FileInfo>
        <Attr Name="UsedIn" Val="synthesis"/>
        <Attr Name="UsedIn" Val="implementation"/>
      </FileInfo>
    </File>
    <Config>
      <Option Name="ConstrsType" Val="XDC"/>
    </Config>
  </FileSet>
  <Strategy Version="1" Minor="2">
    <StratHandle Name="Vivado Implementation Defaults" Flow="Vivado Implementation 2018"/>
    <Step Id="init_design"/>
    <Step Id="opt_design"/>
    <Step Id="power_opt_design"/>
    <Step Id="place_design"/>
    <Step Id="post_place_power_opt_design"/>
    <Step Id="phys_opt_design"/>
    <Step Id="route_design"/>
    <Step Id="post_route_phys_opt_design"/>
    <Step Id="write_bitstream"/>
  </Strategy>
</GenRun>
